﻿{
	"data": [
		{"value":22199,"name":"安慕希"},
		{"value":10288,"name":"井水豆腐香辣味"},
		{"value":274470,"name":"蒙牛纯牛奶"},
		{"value":12311,"name":"王老吉"},
		{"value":4885,"name":"小鱼仔"},
		{"value":32294,"name":"可口可乐"},
		{"value":18574,"name":"咖啡"},
		{"value":38929,"name":"旺仔牛奶"},
		{"value":969,"name":"豆腐干"},
		{"value":37517,"name":"燕麦饼干"},
		{"value":12053,"name":"QQ糖"},
		{"value":57299,"name":"方便面"},
		{"value":15418,"name":"碎碎冰"},
		{"value":22905,"name":"矿泉水"},
		{"value":5146,"name":"怪味豆"}
	]
}