{
"类型":["饮料类","非饮料类"],
"一级商品":[
	{"value":1189,"name":"饮料类"},
	{"value":1519,"name":"非饮料类"}
],
"二级商品":[
{"value":510, "name":"碳酸饮料"},
{"value":310, "name":"乳类"},
{"value":234, "name":"水"},
{"value":135, "name":"茶"},
{"value":335, "name":"辣类"},
{"value":251, "name":"饼干类"},
{"value":247, "name":"糖果类"},
{"value":252, "name":"油炸类"},
{"value":202, "name":"坚果类"},
{"value":232, "name":"面包类"}]
}