﻿{
"where":["教学楼","食堂","体育馆","田径场","操场"],
"sale":[
{"value":283122, "name":"教学楼"},
{"value":253597, "name":"食堂"},
{"value":299874, "name":"体育馆"},
{"value":260256, "name":"田径场"},
{"value":186585, "name":"操场"}],

"order":[
{"value":9097, "name":"教学楼"},
{"value":5597, "name":"食堂"},
{"value":8608, "name":"体育馆"},
{"value":7602, "name":"田径场"},
{"value":4865, "name":"操场"}],
	
"gross":[
{"value":146805, "name":"教学楼"},
{"value":104936, "name":"食堂"},
{"value":157321, "name":"体育馆"},
{"value":160256, "name":"田径场"},
{"value":186585, "name":"操场"}],

"unit":[
{"value":12.07, "name":"教学楼"},
{"value":9.13, "name":"食堂"},
{"value":11.03, "name":"体育馆"},
{"value":14.8, "name":"田径场"},
{"value":12.6, "name":"操场"}]
}
